Business Name,Category,City,Country,Phone,Email,Address,Website,Rating,Status
Beverly Hills Dentistry,doctor,CA 90211,USA,(310) 652-8383,edwinv@beverlyhillsdentistry.com,"8920 Wilshire Blvd #701, Beverly Hills, CA 90211, USA",https://beverlyhillsdentistry.com/,5,READY TO CONTACT
Dental Group Of Beverly Hills,dental_clinic,CA 90211,USA,(310) 929-6335,,"8641 Wilshire Blvd #125, Beverly Hills, CA 90211, USA",https://dentalgroupbh.com/?utm_source=google&utm_medium=gbp,4.7,CALL ONLY
S&C Dental Beverly Hills,dentist,CA 90210,USA,(310) 860-6969,,"9400 Brighton Way Suite #410, Beverly Hills, CA 90210, USA",https://www.sncdentalbh.com/,4.9,CALL ONLY
Smile Boutique Beverly Hills,dentist,CA 90211,USA,(424) 453-3495,,"8500 Wilshire Blvd # 505, Beverly Hills, CA 90211, USA",https://www.smileboutiquegroup.com/beverly-hills-ca/,4.9,CALL ONLY
"Kevin B. Sands, DDS - Cosmetic Dentistry Beverly Hills",doctor,CA 90210,USA,(310) 273-0111,,"414 N Camden Dr Suite 940, Beverly Hills, CA 90210, USA",https://www.beverlyhillscosmeticdentist.com/,5,CALL ONLY
Dr. Joseph Goodman - Beverly Hills Dentist,dentist,CA 90212,USA,(310) 860-9311,,"241 1/2 S Beverly Dr Suite 201, Beverly Hills, CA 90212, USA",https://topbeverlyhillsdentist.com/?utm_source=gbp&utm_medium=organic&utm_campaign=gbp-listing,5,CALL ONLY
Beverly Hills Dentist,dental_clinic,CA 90212,USA,(310) 277-8215,,"300 S Beverly Dr Suite 303, Beverly Hills, CA 90212, USA",https://beverlyhillsdentist.com/,4.9,CALL ONLY
"Dr. Kourosh Maddahi, DDS",dentist,CA 90210,USA,(310) 860-6969,tiffanymaddahi@gmail.com,"S&C Dental, 9400 Brighton Way Ste 410A, Beverly Hills, CA 90210, USA",https://www.drmaddahi.com/?utm_source=GMBlisting&utm_medium=organic&utm_campaign=gmb,4.9,READY TO CONTACT
Zakhor Dental Group- Beverly Hills cosmetic dentist,dental_clinic,CA 90212,USA,(310) 208-0811,,"9777 Wilshire Blvd Suite 813, Beverly Hills, CA 90212, USA",https://www.zakhordental.com/,4.9,CALL ONLY
TruGlo Modern Dental Beverly Hills,dentist,CA 90210,USA,(310) 919-1569,info@glomoderndental.com,"190 N Canon Dr Suite #203, Beverly Hills, CA 90210, USA",https://truglobeverlyhillsdentistry.com/?utm_source=gmb,5,READY TO CONTACT
Bedford Dental Group,doctor,CA 90210,USA,(310) 278-2424,,"436 N Bedford Dr Suite 300, Beverly Hills, CA 90210, USA",https://www.bhdentists.com/?utm_source=GMBlisting&utm_medium=organic&utm_campaign=bedford-dental-group,4.9,CALL ONLY
Beverly Hills Complete Dentistry,dentist,CA 90211,USA,(310) 626-1212,,"8641 Wilshire Blvd # 205, Beverly Hills, CA 90211, USA",https://beverlyhillscompletedentistry.com/?utm_source=GMB+Listing&utm_medium=organic,5,CALL ONLY
Beverly Hills Dental Arts,dentist,CA 90210,USA,(310) 273-1199,,"465 N Roxbury Dr Suite 701, Beverly Hills, CA 90210, USA",https://www.bhdentalarts.com/?utm_source=google&utm_medium=organic&utm_campaign=gmb-listing,5,CALL ONLY
NH Dentistry Beverly Hills,dentist,CA 90211,USA,(310) 659-5399,info@nhdentistrybeverlyhills.com,"8920 Wilshire Blvd #625, Beverly Hills, CA 90211, USA",http://nhdentistrybeverlyhills.com/?utm_source=google&utm_medium=organic&utm_campaign=gbp,4.9,READY TO CONTACT
The Art of Dental Wellness,dentist,CA 90210,USA,(424) 355-0355,concierge@theartofdentalwellness.com,"416 N Bedford Dr # 409, Beverly Hills, CA 90210, USA",https://www.theartofdentalwellness.com/?utm_source=gmb&utm_medium=organic,4.9,READY TO CONTACT
The Practice Beverly Hills Boutique Dental,dentist,CA 90211,USA,(310) 652-2360,,"8920 Wilshire Blvd #410, Beverly Hills, CA 90211, USA",http://thepracticebh.com/,4.9,CALL ONLY
Enzo Dentistry,dentist,CA 90210,USA,(310) 321-0005,Team@EnzoDentistry.com,"9440 Santa Monica Blvd Suite 555 5th Floor, Beverly Hills, CA 90210, USA",https://enzodentistry.com/,5,READY TO CONTACT
"Perfect White Smile — David S. Frey, DDS Cosmetic Dentistry",dental_clinic,CA 90210,USA,(310) 878-0695,,"433 N Camden Dr # 1070, Beverly Hills, CA 90210, USA",https://www.perfectwhitesmile.com/,4.9,CALL ONLY
Arthur Glosman Cosmetic and Restorative Dentistry,dentist,CA 90210,USA,(888) 983-8358,,"450 N Roxbury Dr #222, Beverly Hills, CA 90210, USA",https://arthurglosmandds.com/?utm_source=GMB&utm_medium=GMB&utm_campaign=GMB,5,CALL ONLY
Beverly Hills Prestige Dental Group,dentist,CA 90035,USA,(310) 286-9655,,"1125 S Beverly Dr # 400, Los Angeles, CA 90035, USA",https://www.beverlyhillsfamilydentalgroup.com/?utm_source=GMB&utm_medium=organic&utm_campaign=DevOptimization&utm_content=Website,4.6,CALL ONLY
"The Law Offices of Robert Vincent Sisca & Associates, LLC",consultant,CT 06830,USA,(203) 629-3831,,"35 Field Point Rd, Greenwich, CT 06830, USA",http://lorvs.com/robert-sisca-law-locations,4.9,CALL ONLY
"The Law Offices of Mark Sherman, LLC",lawyer,CT 06877,USA,(475) 473-9748,,"37 Danbury Rd Suite 204, Office 1, Ridgefield, CT 06877, USA",https://markshermanlaw.com/ridgefield-criminal/?utm_source=GBP&utm_medium=GBP&utm_campaign=GBP_Ridgefield&utm_id=GBP_Ridgefield,5,CALL ONLY
Connecticut Family Law Group,lawyer,CT 06830,USA,(203) 408-1979,intake@mcconnellfamilylaw.com,"500 West Putnam Avenue, Greenwich, CT 06830, USA",https://www.connecticutfamilylawgroup.com/greenwich-family-law-attorney/?utm_source=google&utm_medium=organic&utm_campaign=GBP_Greenwich,4.9,READY TO CONTACT
"Martin Law, LLC",lawyer,CT 06870,USA,(203) 216-9991,luciano@latinotype.com,"279 Sound Beach Ave 2nd floor, Old Greenwich, CT 06870, USA",https://martinlawct.com/,5,READY TO CONTACT
"The Law Offices of Eric R. Posmantier, LLC",lawyer,CT 06830,USA,(203) 930-1515,,"31 Brookside Dr Second Floor, Greenwich, CT 06830, USA",http://www.posmantierlaw.com/,5,CALL ONLY
Bolduc Law LLC,lawyer,CT 06831,USA,(203) 653-8535,,"Box 4720, Greenwich, CT 06831, USA",http://www.bolduc-law.com/,5,CALL ONLY
Whitman Breed Abbott & Morgan LLC,consultant,CT 06830,USA,(203) 869-3800,whitmanbreedllc@gmail.com,"500 West Putnam Avenue 2nd Floor, Greenwich, CT 06830, USA",http://whitmanbreed.com/,4.3,READY TO CONTACT
Dougherty Greenwich Legal LLC,lawyer,CT 06830,USA,(203) 869-3085,,"28 Sound View Dr, Greenwich, CT 06830, USA",,5,CALL ONLY
Smith Legacy Law,lawyer,CT 06831,USA,(203) 489-5362,,"3 Greenwich Office Park Ste 150, Greenwich, CT 06831, USA",https://smithlegacylaw.com/,5,CALL ONLY
The Shelton Law Firm,consultant,NY 10591,USA,(914) 777-2013,info@westchesterticketattorney.com,"520 White Plains Rd Suite 350, Tarrytown, NY 10591, USA",http://www.westchesterticketattorney.com/,5,READY TO CONTACT
Day Pitney LLP,consultant,CT 06830,USA,(203) 862-7800,,"24 Field Point Rd, Greenwich, CT 06830, USA",http://www.daypitney.com/,5,CALL ONLY
Kaye & Hennesey LLC,lawyer,CT 06830,USA,(203) 625-5300,,"71 Lewis St, Greenwich, CT 06830, USA",,5,CALL ONLY
Broder Orland Murray & DeMattie LLC,lawyer,CT 06830,USA,(203) 456-9890,,"115 E Putnam Ave 3rd floor, Greenwich, CT 06830, USA",https://ctfamilylaw.com/?utm_source=GBP&utm_medium=GBP&utm_campaign=GBP_Greenwhich&utm_id=GBP_Greenwhich,5,CALL ONLY
Mandelbaum Barrett PC,lawyer,CT 06830,USA,(203) 661-6000,,"170 Mason St, Greenwich, CT 06830, USA",https://www.ibolaw.com/?utm_source=GMB&utm_medium=organic&utm_campaign=greenwich,4.2,CALL ONLY
O'Donnell Law LLC,consultant,CT 06830,USA,(203) 661-1611,caseyo@odonlaw.com,"90 Greenwich Ave, Greenwich, CT 06830, USA",http://www.odonnelllaw.com/,5,READY TO CONTACT
"Law Offices of Philip Russell, LLC",consultant,CT 06807,USA,(203) 661-4200,,"1 River Rd, Cos Cob, CT 06807, USA",https://www.greenwichlegal.com/,4.6,CALL ONLY
"Law Offices of Eileen M. Pate, LLC",lawyer,CT 06830,USA,(203) 661-5000,,"151 Railroad Ave, Greenwich, CT 06830, USA",http://www.patelaw.com/,4,CALL ONLY
Ferguson Cohen LLP,lawyer,CT 06830,USA,(203) 661-5222,,"25 Field Point Rd, Greenwich, CT 06830, USA",https://www.fahwlaw.com/?npcmp=dir:local:4200535:06830,4,CALL ONLY
"Jeffrey Hersh, Attorney at Law",lawyer,CT 06830,USA,(914) 930-4267,,"445 Hamilton Avenue, WP, NY, and, 25 Lewis St, Greenwich, CT 06830, USA",https://www.hershlawpc.com/?npcmp=dir:local:5020160:10604,4.8,CALL ONLY
Law Office of Alessandra Messineo Long,lawyer,CT 06878,USA,(203) 249-3601,impallari@gmail.com,"117 E Putnam Ave #163, Riverside, CT 06878, USA",http://www.amlonglaw.com/,5,READY TO CONTACT
Center for Aesthetic and Laser Medicine Scottsdale,skin_care_clinic,AZ 85254,USA,(480) 591-3500,,"10900 N Scottsdale Rd Suite 201, Scottsdale, AZ 85254, USA",https://www.usdermatologypartners.com/locations/arizona/scottsdale/10900-n-scottsdale-rd-ste-201/,4.9,CALL ONLY
The Skin Clinic North Scottsdale,hair_care,AZ 85255,USA,(480) 513-2888,hello@theskinclinicaz.com,"7605 E Pinnacle Peak Rd #4, Scottsdale, AZ 85255, USA",https://theskinclinicaz.com/,4.9,READY TO CONTACT
Skin Savvy Aesthetics Med Spa,wellness_center,AZ 85260,USA,(480) 485-0682,info@skinsavvyscottsdale.com,"8418 E Shea Blvd Ste 101, Scottsdale, AZ 85260, USA",https://skinsavvyaesthetics.com/,5,READY TO CONTACT
Moderne Medical Aesthetics,skin_care_clinic,AZ 85260,USA,(480) 477-7726,support@modernemedical.com,"9180 E Desert Cove Ave Ste 103, Scottsdale, AZ 85260, USA",http://www.modernemedical.com/,5,READY TO CONTACT
Clear Dermatology & Aesthetics Center,hair_care,AZ 85260,USA,(480) 398-1550,info@cleardermatology.net,"8841 E Bell Rd, Scottsdale, AZ 85260, USA",https://www.cleardermatology.net/,4.9,READY TO CONTACT
Haus of Confidence,spa,AZ 85251,USA,(480) 493-5921,,"4205 N Winfield Scott Plaza Suite 6, Scottsdale, AZ 85251, USA",http://www.hausofconfidence.com/,4.9,CALL ONLY
Natural Results Plastic Surgery,hair_care,AZ 85255,USA,(480) 852-4999,,"7930 E Thompson Peak Pkwy Suite 101, Scottsdale, AZ 85255, USA",https://naturalresultsaz.com/?UTM_source=GBP_listing&UTM_medium=organic&source=gmb,5,CALL ONLY
Franco Wellness & Aesthetics - Scottsdale AZ,medical_clinic,AZ 85251,USA,(480) 393-3028,adanfranco.co@gmail.com,"3501 N Scottsdale Rd UNIT 336, Scottsdale, AZ 85251, USA",http://www.adanfranco.co/,5,READY TO CONTACT
Aesthetic IQ Clinic,spa,AZ 85253,USA,(480) 454-5577,,"7054 E Cochise Rd suite b-200, Scottsdale, AZ 85253, USA",http://www.aestheticiqclinic.com/,4.9,CALL ONLY
The Glam Nurse,skin_care_clinic,AZ 85251,USA,(480) 527-7646,,"7109 E 2nd St #104, Scottsdale, AZ 85251, USA",http://theglamnurse.com/,5,CALL ONLY
DermaCrush,cosmetics_store,AZ 85254,USA,(480) 573-8777,scheduling@dermacrush.com,"5425 E Bell Rd Suite 130 Building 4, Scottsdale, AZ 85254, USA",http://dermacrush.com/,4.9,READY TO CONTACT
The Flawless Lab - Medspa,hair_care,AZ 85260,USA,(480) 550-6242,reception@theflawlesslab.com,"13840 N Northsight Blvd #117, Scottsdale, AZ 85260, USA",https://theflawlesslab.com/,5,READY TO CONTACT
Look Lab Med Spa,skin_care_clinic,AZ 85255,USA,(480) 992-5665,,"8787 E Pinnacle Peak Rd Ste 206, Scottsdale, AZ 85255, USA",https://looklab.com/locations/scottsdale-az/,5,CALL ONLY
Estetica Cosmetic Surgery,skin_care_clinic,AZ 85258,USA,(480) 551-0581,,"9450 E Ironwood Square Dr, Scottsdale, AZ 85258, USA",http://anewbeautifulyou.com/about/contact-us/,5,CALL ONLY
Alani Skin MD,hair_care,AZ 85251,USA,(480) 993-2218,,"7246 E 1st St Suite 102, Scottsdale, AZ 85251, USA",https://alaniskinmd.com/locations/scottsdale-az/?utm_source=GBP&utm_medium=GBP&utm_campaign=gbp+scottsdale,4.8,CALL ONLY
Clear Dermatology & Aesthetics Center - Paradise Valley,hair_care,AZ 85253,USA,(480) 398-1550,info@cleardermatology.net,"7125 E Lincoln Dr Suite A101, Paradise Valley, AZ 85253, USA",http://cleardermatology.net/,4.9,READY TO CONTACT
"Dr. Corwin D. Martin, MD - Estetica Cosmetic & Reconstructive Surgery",doctor,AZ 85258,USA,(480) 551-0581,,"9450 E Ironwood Square Dr, Scottsdale, AZ 85258, USA",http://www.anewbeautifulyou.com/?y_source=1_MTAzODYyMzQtNzE1LWxvY2F0aW9uLndlYnNpdGU%3D,4.8,CALL ONLY
Love Aesthetics & Wellness,wellness_center,AZ 85260,USA,(480) 999-8383,info@loveaestheticswellness.com,"9300 E Raintree Dr, Scottsdale, AZ 85260, USA",https://www.loveaestheticswellness.com/,5,READY TO CONTACT
Adam & Eve Medical Aesthetics,hair_care,AZ 85266,USA,(480) 575-6584,,"31309 N Scottsdale Rd Ste.100, Scottsdale, AZ 85266, USA",https://www.adamandevemedspa.com/,4.9,CALL ONLY
ZONA MED SPA,wellness_center,AZ 85258,USA,(480) 299-4975,,"9767 N 91st St Suite B102, Scottsdale, AZ 85258, USA",http://www.zonamedspa.com/,4.9,CALL ONLY
"Curtis Pope, CFP | Certified Financial Planner | Financial Advisor",consultant,NY 10017,USA,(646) 640-6337,,"450 Lexington Ave 4th fl, New York, NY 10017, USA",https://www.financialadvisor.nyc/,4.9,CALL ONLY
Drucker Wealth Management,consultant,NY 10016,USA,(212) 681-0460,,"2 Park Ave 20th floor, New York, NY 10016, USA",http://www.druckerwealth.com/,4.9,CALL ONLY
"Francis Financial, Inc.",consultant,NY 10006,USA,(212) 374-9008,,"39 Broadway Suite 1730, New York, NY 10006, USA",https://francisfinancial.com/,5,CALL ONLY
Wealthspire,consultant,NY 10175,USA,(800) 994-3766,,"521 5th Ave 15th Floor, New York, NY 10175, USA",https://www.wealthspire.com/contact/new-york-new-york?utm_source=google&utm_medium=gmb&utm_campaign=new-york&utm_content=primary_listing,5,CALL ONLY
Wharton Wealth Planning,consultant,NY 10019,USA,(646) 450-7021,,"3 Columbus Cir Floor 15, New York, NY 10019, USA",http://www.whartonwealthplanning.com/,4.9,CALL ONLY
Park Avenue Financial Advisors,consultant,NY 10016,USA,(212) 685-3260,,"136 Madison Ave, New York, NY 10016, USA",https://www.parkavenuefinancialadvisors.com/,5,CALL ONLY
WealthBridge Financial Group,consultant,NY 10017,USA,(202) 986-0400,,"675 3rd Ave #900, New York, NY 10017, USA",https://www.wealthbridgefg.com/,5,CALL ONLY
Zoe Financial,consultant,NY 10017,USA,(646) 680-9244,support@zoefin.com,"666 3rd Ave 6th Floor, New York, NY 10017, USA",https://www.zoefinancial.com/,4.3,READY TO CONTACT
Midas Wealth - Private Client Group,consultant,NY 10004,USA,(917) 522-6450,,"One Battery Park Plaza, Battery Pl Flr 33, #3350, New York, NY 10004, USA",https://www.midas-wealth.com/,4.9,CALL ONLY
Savant Wealth Management,consultant,NY 10017,USA,(212) 273-0400,,"545 5th Ave #1108, New York, NY 10017, USA",https://www.savantwealth.com/locations/new-york-new-york,5,CALL ONLY
Mercer Advisors - New York,insurance_agency,NY 10017,USA,(888) 603-3903,,"767 3rd Ave 37th Floor, New York, NY 10017, USA",https://www.merceradvisors.com/location/new-york/?utm_campaign=yext&utm_medium=organic&utm_source=google_new-york,5,CALL ONLY
Christopher Street Financial,consultant,NY 10016,USA,(212) 242-2800,info@christopherstreet.com,"475 Park Ave S #2100, New York, NY 10016, USA",http://www.christopherstreet.com/,5,READY TO CONTACT
Seasons of Advice Wealth Management,consultant,NY 10036,USA,(212) 977-3111,,"120 W 45th St, New York, NY 10036, USA",https://soawealth.com/,5,CALL ONLY
Lumiere Financial,consultant,NY 10017,USA,(212) 516-5900,,"675 3rd Ave #920, New York, NY 10017, USA",http://www.lumierefg.com/,5,CALL ONLY
MYRA Wealth,consultant,NY 10022,USA,(805) 380-6972,,"750 Lexington Ave 9th floor, New York, NY 10022, USA",https://myrawealth.com/,4.9,CALL ONLY
"Sarsi, LLC",consultant,NY 10170,USA,(212) 634-4454,deva@sarsillc.com,"420 Lexington Ave #300, New York, NY 10170, USA",http://www.sarsillc.com/,4.9,READY TO CONTACT
Manhattan Wealth Management Group,consultant,NY 10017,USA,(212) 810-6961,,"370 Lexington Ave # 1512, New York, NY 10017, USA",http://www.manhattanwealth.com/,5,CALL ONLY
Creative Planning,consultant,NY 10019,USA,(212) 991-8106,,"152 W 57th St 24th Floor, New York, NY 10019, USA",https://creativeplanning.com/locations/new-york-tri-state-area/?utm_source=googlemybusiness&utm_medium=organic&utm_campaign=newyork_ny,4.4,CALL ONLY
Fortis Lux Financial,insurance_agency,NY 10170,USA,(212) 578-0300,,"420 Lexington Ave Suite 2510, New York, NY 10170, USA",https://westchester.massmutual.com/?cm_mmc=Google-_-Local-_-Store-ID-224-_-GMB&utm_source=google&utm_medium=local&utm_content=store-id-224&utm_campaign=GMB&y_source=1_MTI2Njg5NC03MTUtbG9jYXRpb24ud2Vic2l0ZQ%3D%3D,5,CALL ONLY
Fifth Avenue Financial,insurance_agency,NY 10016,USA,(212) 536-6000,fafreception@fifthavenuefinancial.com,"90 Park Ave 17th floor, New York, NY 10016, USA",https://fifthavenuefinancial.com/?y_source=1_MTI2Njg1MC03MTUtbG9jYXRpb24ud2Vic2l0ZQ%3D%3D,5,READY TO CONTACT
"Amar, REALTOR®",real_estate_agency,CA 94301,USA,(650) 686-2627,Amar@KW.comWe,"505 Hamilton Ave STE 100, Palo Alto, CA 94301, USA",https://www.amarrealtor.com/,4.9,READY TO CONTACT
Heather Lin Real Estate Team,real_estate_agency,CA 94025,USA,(415) 317-2188,,"1377 El Camino Real, Menlo Park, CA 94025, USA",https://heatherlinhomes.com/?utm_source=omg-gbp&utm_medium=webclick,5,CALL ONLY
DeLeon Realty,real_estate_agency,CA 94303,USA,(650) 900-7000,info@deleonrealty.com,"1717 Embarcadero Rd, Palo Alto, CA 94303, USA",http://www.deleonrealty.com/,4.5,READY TO CONTACT
Kim Heng & Alex Seroff - Heng Seroff Real Estate Group,real_estate_agency,CA 94301,USA,(650) 516-7506,support@agentfire.com,"578 University Ave, Palo Alto, CA 94301, USA",https://hengseroffgroup.com/,5,READY TO CONTACT
Spencer Hsu Real Estate Team,real_estate_agency,CA 94306,USA,(408) 547-4590,spencer@spencerhsu.com,"3000 El Camino Real building 4, Palo Alto, CA 94306, USA",https://homesbyspencerhsu.com/,5,READY TO CONTACT
"JLee Realty - Juliana Lee Team, Palo Alto - Best Silicon Valley Realtors",real_estate_agency,CA 94306,USA,(650) 857-1000,,"4260 El Camino Real, Palo Alto, CA 94306, USA",https://julianalee.com/,4.5,CALL ONLY
Coldwell Banker Realty - Palo Alto Downtown,real_estate_agency,CA 94301,USA,(650) 325-6161,,"437 Kipling St, Palo Alto, CA 94301, USA",https://www.coldwellbankerhomes.com/ca/palo-alto/office/palo-alto-downtown/oid_5682/?utm_source=google&utm_medium=organic&utm_campaign=gmb&utm_content=NorCal_PaloAltoDowntown,4.7,CALL ONLY
"Julie Tsai Law - Real Estate Broker in Palo Alto, Los Altos, Los Altos Hills, Menlo Park, Atherton CA | BEST REALTOR",consultant,CA 94301,USA,(650) 799-8888,,"578 University Ave, Palo Alto, CA 94301, USA",http://www.julietsailaw.com/,5,CALL ONLY
"Midtown Realty, Inc.",real_estate_agency,CA 94306,USA,(650) 321-1596,info@midtownpaloalto.com,"2775 Middlefield Rd, Palo Alto, CA 94306, USA",http://midtownpaloalto.com/,4.8,READY TO CONTACT
Milad Real Estate | Palo Alto,real_estate_agency,CA 94306,USA,(650) 325-1200,,"260 Sheridan Ave # 200, Palo Alto, CA 94306, USA",http://www.miladrealestate.com/,4.3,CALL ONLY
Alain Pinel Realtors,real_estate_agency,CA 94301,USA,(650) 323-1111,,"578 University Ave, Palo Alto, CA 94301, USA",,4.8,CALL ONLY
Alex Wang - Real Estate Agent,consultant,CA 94022,USA,(650) 800-8840,,"889 N San Antonio Rd #110, Los Altos, CA 94022, USA",https://www.alexwang.com/,5,CALL ONLY
Keller Williams Advisors - Palo Alto,real_estate_agency,CA 94306,USA,(650) 331-3133,michael@kwadvisorsca.com,"2825 El Camino Real STE 200, Palo Alto, CA 94306, USA",https://www.kwpaloalto.com/,3.9,READY TO CONTACT
Sophie Tsang | Compass | DRE# 01399145 - Palo Alto,point_of_interest,CA 94301,USA,(408) 667-3171,,"578 University Ave, Palo Alto, CA 94301, USA",https://sophietsang.com/,5,CALL ONLY
SALA Homes Realty & Development,real_estate_agency,CA 94301,USA,(650) 218-2178,,"385 Homer Ave, Palo Alto, CA 94301, USA",https://www.sala-homes.com/,4.8,CALL ONLY
KEI Group Compass | Kevin Chiao and Mei Liang,point_of_interest,CA 94301,USA,(408) 472-4127,kevin@keirealty.com,"578 University Ave, Palo Alto, CA 94301, USA",http://keirealty.com/,5,READY TO CONTACT
Ella Barak - Real Estate Agent,point_of_interest,CA 94301,USA,(650) 646-4784,,"505 Hamilton Ave STE 100, Palo Alto, CA 94301, USA",https://ellabarak.kw.com/,5,CALL ONLY
Raymond Ni,point_of_interest,CA 94301,USA,(650) 788-9235,raymond.ni@compass.com,"578 University Ave, Palo Alto, CA 94301, USA",http://www.compass.com/agents/raymond-ni,5,READY TO CONTACT
Carlos & Denise Padilla - REALTORS | Intero Real Estate Services,real_estate_agency,CA 94022,USA,(408) 887-6420,support@agentfire.com,"496 1st St #100, Los Altos, CA 94022, USA",http://www.padillaregroup.com/,5,READY TO CONTACT
Wilbur Properties,real_estate_agency,CA 94301,USA,(650) 847-3800,a@wilburproperties.com,"790 High St, Palo Alto, CA 94301, USA",https://www.wilburproperties.com/,4.7,READY TO CONTACT
